Area,Existing,Required,Status,Action,Priority,Impact,Implementation
Trust Badges,"SSL, Satisfaction, Price Match","PCI Level 1, BBB Rating, ADA Guarantee",Partial,Add V2 props,High,High,"components/trust/TrustBadgeV2.tsx"
Cookie Consent,None,GDPR/CCPA Compliant,Missing,New Component,High,High,"components/compliance/CookieBanner.tsx"
Accessibility,Skip Link,WCAG 2.2 AA,Gap,Audit + patch,High,Medium,"components/a11y/SkipToMain.tsx, FocusOutline.css"
Legal Pages,None,Privacy/Terms/Accessibility,Missing,Add new pages,High,High,"pages/privacy.tsx, terms.tsx, accessibility.tsx"
Privacy Links,None,Footer compliance links,Missing,New Component,Medium,Medium,"components/compliance/PrivacyLinks.tsx"
Security Messaging,Basic SSL,PCI + Stripe Secure,Partial,Enhance copy,Medium,High,"TrustBadgeV2.tsx props"
Social Proof,Reviews + Logos,Trustpilot Integration,Partial,Add widget,Medium,Medium,"SocialProof.tsx enhancement"
Focus Management,Basic focus rings,Enhanced keyboard nav,Partial,Improve styles,Medium,Medium,"FocusOutline.css"
ARIA Landmarks,None,Nav/Main/Footer roles,Missing,Add landmarks,Medium,Medium,"Layout.js enhancement"
Color Contrast,Untested,WCAG AA compliant,Unknown,Audit + fix,Medium,Medium,"Color audit + CSS updates"
Error Handling,Basic,Screen reader friendly,Partial,Add aria-live,Low,Medium,"Form validation enhancement"
Loading States,None,Accessibility friendly,Missing,Add announcements,Low,Low,"Loading component updates"
Mobile Trust,Responsive design,Mobile-first trust,Good,Minor enhancements,Low,Low,"TrustBar mobile optimization"
Legal Compliance,None,GDPR/CCPA/ADA,Missing,Full framework,High,High,"Complete compliance suite"
Emotional Storytelling,Basic testimonials,Enhanced narratives,Partial,Add microcopy,Medium,Medium,"Copy enhancements"
Trust Metrics,None,Conversion tracking,Missing,Add analytics,Low,High,"Trust signal tracking"
